name,position,team
Josh Allen,Q,BUF
Lamar Jackson,Q,BAL
Drake Maye,Q,NE
Joe Burrow,Q,CIN
Jayden Daniels,Q,WAS
Jalen Hurts,Q,PHI
Caleb Williams,Q,CHI
Justin Herbert,Q,LAC
Trevor Lawrence,Q,JAC
Dak Prescott,Q,DAL
Jaxson Dart,Q,NYG
Brock Purdy,Q,SF
Patrick Mahomes II,Q,KC
Bo Nix,Q,DEN
Matthew Stafford,Q,LAR
Jared Goff,Q,DET
Kyler Murray,Q,MIN
Baker Mayfield,Q,TB
Jordan Love,Q,GB
Tyler Shough,Q,NO
Malik Willis,Q,MIA
C.J. Stroud,Q,HOU
Sam Darnold,Q,SEA
Cam Ward,Q,TEN
Daniel Jones,Q,IND
Bryce Young,Q,CAR
Jacoby Brissett,Q,ARI
Geno Smith,Q,NYJ
Aaron Rodgers,Q,PIT
Fernando Mendoza,Q,LV
Tua Tagovailoa,Q,ATL
Michael Penix Jr.,Q,ATL
Shedeur Sanders,Q,CLE
Deshaun Watson,Q,CLE
Kirk Cousins,Q,LV
J.J. McCarthy,Q,MIN
Carson Beck,Q,ARI
Mac Jones,Q,SF
Justin Fields,Q,KC
Ty Simpson,Q,LAR
Anthony Richardson Sr.,Q,IND
Joe Flacco,Q,CIN
Jameis Winston,Q,NYG
Marcus Mariota,Q,WAS
Joe Milton III,Q,DAL
Cade Klubnik,Q,NYJ
Jalen Milroe,Q,SEA
Riley Leonard,Q,IND
Quinn Ewers,Q,MIA
Gardner Minshew II,Q,ARI
Trey Lance,Q,LAC
Tyrod Taylor,Q,GB
Spencer Rattler,Q,NO
Davis Mills,Q,HOU
Tyson Bagent,Q,CHI
Tyler Huntley,Q,BAL
Jarrett Stidham,Q,DEN
Kenny Pickett,Q,CAR
Jake Browning,Q,TB
Mitchell Trubisky,Q,TEN
Drew Allar,Q,PIT
Dillon Gabriel,Q,CLE
Kyle Allen,Q,BUF
Mason Rudolph,Q,PIT
Carson Wentz,Q,MIN
Will Howard,Q,PIT
Will Levis,Q,TEN
Tommy DeVito,Q,NE
Tanner McKee,Q,PHI
Taylen Green,Q,CLE
Nick Mullens,Q,JAC
Drew Lock,Q,SEA
Sam Howell,Q,DAL
Zach Wilson,Q,NO
Jimmy Garoppolo,Q,LAR
Brady Cook,Q,NYJ
Garrett Nussmeier,Q,KC
Andy Dalton,Q,PHI
Aidan O'Connell,Q,LV
Joshua Dobbs,Q,DET
Brandon Allen,Q,NYG
Hendon Hooker,Q,TEN
Josh Johnson,Q,CIN
Sam Ehlinger,Q,DEN
Sam Hartman,Q,WAS
Shane Buechele,Q,BUF
Kyle McCord,Q,GB
Skylar Thompson,Q,BAL
Kurtis Rourke,Q,SF
Athan Kaliakmanis,Q,WAS
Adrian Martinez,Q,SF
Case Keenum,Q,CHI
Behren Morton,Q,NE
Cam Miller,Q,MIA
Luke Altmyer,Q,DET
Max Brosmer,Q,MIN
Bailey Zappe,Q,NYJ
DJ Uiagalelei,Q,LAC
Jahmyr Gibbs,RB,DET
Bijan Robinson,RB,ATL
Christian McCaffrey,RB,SF
Jonathan Taylor,RB,IND
Ashton Jeanty,RB,LV
Chase Brown,RB,CIN
James Cook III,RB,BUF
De'Von Achane,RB,MIA
Omarion Hampton,RB,LAC
Saquon Barkley,RB,PHI
Kenneth Walker III,RB,KC
Derrick Henry,RB,BAL
Jeremiyah Love,RB,ARI
Breece Hall,RB,NYJ
Kyren Williams,RB,LAR
Josh Jacobs,RB,GB
Javonte Williams,RB,DAL
Travis Etienne Jr.,RB,NO
Cam Skattebo,RB,NYG
Bucky Irving,RB,TB
D'Andre Swift,RB,CHI
Quinshon Judkins,RB,CLE
David Montgomery,RB,HOU
TreVeyon Henderson,RB,NE
Bhayshul Tuten,RB,JAC
Jadarian Price,RB,SEA
Jaylen Warren,RB,PIT
Tony Pollard,RB,TEN
Rhamondre Stevenson,RB,NE
Chuba Hubbard,RB,CAR
Rico Dowdle,RB,PIT
RJ Harvey,RB,DEN
Kenny Gainwell,RB,TB
J.K. Dobbins,RB,DEN
Jonathon Brooks,RB,CAR
Kyle Monangai,RB,CHI
Rachaad White,RB,WAS
Blake Corum,RB,LAR
Aaron Jones Sr.,RB,MIN
Jacory Croskey-Merritt,RB,WAS
Jordan Mason,RB,MIN
Tyrone Tracy Jr.,RB,NYG
Tyler Allgeier,RB,ARI
Woody Marks,RB,HOU
Chris Rodriguez Jr.,RB,JAC
Zach Charbonnet,RB,SEA
Tyjae Spears,RB,TEN
Alvin Kamara,RB,NO
Dylan Sampson,RB,CLE
Isiah Pacheco,RB,DET
Keaton Mitchell,RB,LAC
Tank Bigsby,RB,PHI
Brian Robinson Jr.,RB,ATL
Jonah Coleman,RB,DEN
Braelon Allen,RB,NYJ
Ray Davis,RB,BUF
Kimani Vidal,RB,LAC
Emmett Johnson,RB,KC
Sean Tucker,RB,TB
James Conner,RB,ARI
Mike Washington Jr.,RB,LV
Emanuel Wilson,RB,SEA
Nicholas Singleton,RB,TEN
MarShawn Lloyd,RB,GB
Jaydon Blue,RB,DAL
Kaytron Allen,RB,WAS
Jaylen Wright,RB,MIA
Ollie Gordon II,RB,MIA
Justice Hill,RB,BAL
Isaiah Davis,RB,NYJ
George Holani,RB,SEA
Jordan James,RB,SF
Demond Claiborne,RB,MIN
Ty Johnson,RB,BUF
Chris Brooks,RB,GB
DJ Giddens,RB,IND
LeQuint Allen Jr.,RB,JAC
Samaje Perine,RB,CIN
Kaelon Black,RB,SF
Trey Benson,RB,ARI
Malik Davis,RB,DAL
Kaleb Johnson,RB,PIT
Emari Demercado,RB,KC
Devin Singletary,RB,NYG
Brashard Smith,RB,KC
Devin Neal,RB,NO
Adam Randall,RB,BAL
Kendre Miller,RB,NO
Seth McGowan,RB,IND
Jerome Ford,RB,WAS
Najee Harris,RB,LAC
Tahj Brooks,RB,CIN
Jarquez Hunter,RB,LAR
Trevor Etienne,RB,CAR
Isaac Guerendo,RB,SF
Jaleel McLaughlin,RB,DEN
Audric Estime,RB,NO
Will Shipley,RB,PHI
Kareem Hunt,RB,
Joe Mixon,RB,
Ja'Marr Chase,WR,CIN
Puka Nacua,WR,LAR
Jaxon Smith-Njigba,WR,SEA
Amon-Ra St. Brown,WR,DET
CeeDee Lamb,WR,DAL
Justin Jefferson,WR,MIN
Drake London,WR,ATL
A.J. Brown,WR,NE
Nico Collins,WR,HOU
George Pickens,WR,DAL
Chris Olave,WR,NO
Rashee Rice,WR,KC
DeVonta Smith,WR,PHI
Malik Nabers,WR,NYG
Zay Flowers,WR,BAL
Garrett Wilson,WR,NYJ
Tetairoa McMillan,WR,CAR
Tee Higgins,WR,CIN
Ladd McConkey,WR,LAC
Emeka Egbuka,WR,TB
Jaylen Waddle,WR,DEN
Terry McLaurin,WR,WAS
Luther Burden III,WR,CHI
Davante Adams,WR,LAR
DJ Moore,WR,BUF
Mike Evans,WR,SF
Jameson Williams,WR,DET
Christian Watson,WR,GB
Rome Odunze,WR,CHI
Carnell Tate,WR,TEN
Marvin Harrison Jr.,WR,ARI
Parker Washington,WR,JAC
Brian Thomas Jr.,WR,JAC
DK Metcalf,WR,PIT
Chris Godwin Jr.,WR,TB
Michael Pittman Jr.,WR,PIT
Jordyn Tyson,WR,NO
Josh Downs,WR,IND
Courtland Sutton,WR,DEN
Wan'Dale Robinson,WR,TEN
Michael Wilson,WR,ARI
Alec Pierce,WR,IND
Makai Lemon,WR,PHI
Jakobi Meyers,WR,JAC
Quentin Johnston,WR,LAC
Jordan Addison,WR,MIN
Jayden Reed,WR,GB
Stefon Diggs,WR,WAS
Khalil Shakir,WR,BUF
Jayden Higgins,WR,HOU
Jalen Coker,WR,CAR
Xavier Worthy,WR,KC
Romeo Doubs,WR,NE
Matthew Golden,WR,GB
KC Concepcion,WR,CLE
Rashid Shaheed,WR,SEA
Deebo Samuel Sr.,WR,SF
Denzel Boston,WR,CLE
Jerry Jeudy,WR,CLE
Jauan Jennings,WR,MIN
Adonai Mitchell,WR,NYJ
Jalen McMillan,WR,TB
Omar Cooper Jr.,WR,NYJ
De'Zhaun Stribling,WR,SF
Tre Tucker,WR,LV
Tre' Harris,WR,LAC
Travis Hunter,WR,JAC
Ryan Flournoy,WR,DAL
Jalen Nailor,WR,LV
Dontayvion Wicks,WR,PHI
Kayshon Boutte,WR,NE
Pat Bryant,WR,DEN
Malik Washington,WR,MIA
Calvin Ridley,WR,TEN
Troy Franklin,WR,DEN
Jaylin Noel,WR,HOU
Darnell Mooney,WR,NYG
Isaac TeSlaa,WR,DET
Tank Dell,WR,HOU
Rashod Bateman,WR,BAL
Cooper Kupp,WR,SEA
Zachariah Branch,WR,ATL
Antonio Williams,WR,WAS
Chimere Dike,WR,TEN
Germie Bernard,WR,PIT
Elic Ayomanor,WR,TEN
Jack Bech,WR,LV
Keon Coleman,WR,BUF
Tory Horton,WR,SEA
Christian Kirk,WR,SF
Chris Bell,WR,MIA
Malachi Fields,WR,NYG
Ted Hurst III,WR,TB
Elijah Sarratt,WR,BAL
Xavier Legette,WR,CAR
Marvin Mims Jr.,WR,DEN
Tyquan Thornton,WR,KC
Darius Slayton,WR,NYG
Ja'Kobi Lane,WR,BAL
Devaughn Vele,WR,NO
Trey McBride,TE,ARI
Brock Bowers,TE,LV
Colston Loveland,TE,CHI
Tyler Warren,TE,IND
Tucker Kraft,TE,GB
Harold Fannin Jr.,TE,CLE
Sam LaPorta,TE,DET
Kyle Pitts Sr.,TE,ATL
Travis Kelce,TE,KC
George Kittle,TE,SF
Jake Ferguson,TE,DAL
Dalton Kincaid,TE,BUF
Isaiah Likely,TE,NYG
Dallas Goedert,TE,PHI
Mark Andrews,TE,BAL
Juwan Johnson,TE,NO
Chig Okonkwo,TE,WAS
Brenton Strange,TE,JAC
Hunter Henry,TE,NE
Dalton Schultz,TE,HOU
Oronde Gadsden II,TE,LAC
T.J. Hockenson,TE,MIN
AJ Barner,TE,SEA
Kenyon Sadiq,TE,NYJ
Gunnar Helm,TE,TEN
Pat Freiermuth,TE,PIT
Cade Otton,TE,TB
Terrance Ferguson,TE,LAR
Evan Engram,TE,DEN
Greg Dulcich,TE,MIA
David Njoku,TE,LAC
Colby Parkinson,TE,LAR
Eli Stowers,TE,PHI
Mason Taylor,TE,NYJ
Theo Johnson,TE,NYG
Oscar Delp,TE,NO
Mike Gesicki,TE,CIN
Jake Tonges,TE,SF
Darnell Washington,TE,PIT
Elijah Arroyo,TE,SEA
Michael Mayer,TE,LV
Cole Kmet,TE,CHI
Tyler Higbee,TE,LAR
Max Klare,TE,LAR
Ja'Tavion Sanders,TE,CAR
Noah Gray,TE,KC
Dawson Knox,TE,BUF
Erick All Jr.,TE,CIN
Eli Raridon,TE,NE
Darren Waller,TE,CAR
Justin Joly,TE,DEN
Noah Fant,TE,NO
Charlie Kolar,TE,LAC
Luke Musgrave,TE,GB
Tommy Tremble,TE,CAR
Ben Sinnott,TE,WAS
Mitchell Evans,TE,CAR
Daniel Bellinger,TE,TEN
John Bates,TE,WAS
Austin Hooper,TE,ATL
Zach Ertz,TE,
Jonnu Smith,TE,
Tommy Myers,TE,
Will Kacmarek,TE,MIA
Tanner Koziol,TE,JAC
Elijah Higgins,TE,ARI
Josh Oliver,TE,MIN
Adam Trautman,TE,DEN
Jackson Hawes,TE,BUF
Mo Alie-Cox,TE,IND
Reggie Gilliam,TE,NE
Marlin Klein,TE,HOU
Max Bredeson,TE,MIN
Luke Schoonmaker,TE,DAL
Taysom Hill,TE,
Michael Trigg,TE,DAL
Nate Boerkircher,TE,JAC
Tyler Conklin,TE,DET
Durham Smythe,TE,BAL
Sam Roush,TE,CHI
Seydou Traore,TE,MIA
Matt Hibner,TE,BAL
Joe Royer,TE,CLE
Tanner Hudson,TE,CIN
Foster Moreau,TE,HOU
Jack Endries,TE,CIN
Brock Wright,TE,DET
Drew Sample,TE,CIN
Jeremy Ruckert,TE,NYJ
Thomas Fidone II,TE,NYG
Josh Whyle,TE,GB
Cade Stover,TE,HOU
Jared Wiley,TE,KC
Jelani Woods,TE,NYJ
Ian Thomas,TE,LV
Davis Allen,TE,LAR
Ben Sims,TE,MIA
Brevyn Spann-Ford,TE,DAL
Tip Reiman,TE,ARI
Payne Durham,TE,TB
Brandon Aubrey,K,DAL
Cameron Dicker,K,LAC
Ka'imi Fairbairn,K,HOU
Cam Little,K,JAC
Jason Myers,K,SEA
Tyler Loop,K,BAL
Eddy Pineiro,K,SF
Cairo Santos,K,CHI
Jake Bates,K,DET
Evan McPherson,K,CIN
Chase McLaughlin,K,TB
Andy Borregales,K,NE
Harrison Mevis,K,LAR
Harrison Butker,K,KC
Chris Boswell,K,PIT
Will Reichard,K,MIN
Wil Lutz,K,DEN
Charlie Smyth,K,NO
Tyler Bass,K,BUF
Jake Elliott,K,PHI
Zane Gonzalez,K,MIA
Trey Smack,K,GB
Nick Folk,K,ATL
Blake Grupe,K,IND
Daniel Carlson,K,LV
Brandon McManus,K,
Ben Sauls,K,NYG
Jake Moody,K,WAS
Chad Ryland,K,ARI
Spencer Shrader,K,IND
Joey Slye,K,TEN
Ryan Fitzgerald,K,CAR
Jason Sanders,K,NYJ
Andre Szmyt,K,CLE
Matt Gay,K,LV
Cade York,K,NYJ
Dominic Zvada,K,NYG
Riley Patterson,K,MIA
B.T. Potter,K,TB
